submission_id,timestamp,experiment_id,git_commit,matching_file_hash,candidate_file_hash,local_cv_f0_5,public_lb_score,notes,selected_for_final
SUB-001,2026-09-25T07:26:45+00:00,SUB-001,c94523a,610478ebca0deb910a67d440edce299ab66ebc0ec55e285da8d0b7c20a24d6a3,89e95ad2f4cb0b0c4f082f9975c6549e8f073ceb71cbcb3ac1860247a590f4b6,0.9318965293021522,,Official default and strict --check-ids PASS; 1732544 rows; matching-only portal upload; no ZIP,true
SUB-001-ORDERED,2026-09-25T09:15:42.671397+00:00,SUB-001,da2ceab,910c3e7c95a8ed7867dd6addfb6a9aad3d5477c5ede2422c23b081be1942440b,89e95ad2f4cb0b0c4f082f9975c6549e8f073ceb71cbcb3ac1860247a590f4b6,0.9318965293021522,0.913,User reports public score 0.913; uploaded bytes not independently visible; inferred scored test-order copy; exact official default and strict two-file PASS,true
CL-003-FRSTAGE2,2026-09-25T14:15:22+00:00,CL-003,c25fbeb,50b709590ec48e8986e2ba0f5fcdf0613edc31e35cac48c72bbd0e2e3042a9d6,SUB-002 candidates (baabafa6...) unchanged,0.9581314068,,Ready candidate not uploaded; official default + --check-ids PASS matching-only; France stage-2,false
CL-003-FRBASE,2026-09-25T14:15:22+00:00,CL-003,c25fbeb,ca2dc4315e2e2ef70e53405d0ed166bfc9e89831a998785996740e1adeb01539,SUB-002 candidates unchanged,0.9581314068,,Ready candidate not uploaded; official PASS; France rows = SUB-002 V001,false
SUB-002-CL003-UPLOAD,2026-09-25T15:36:02+00:00,CL-003+own+dup,e14f2e7,ec3709f1d760d82642bd727ea83cf061c35773008da3d00ca94de610ce72116d,SUB-002 candidates + 490 dup additions (two-file job P5-TWOFILE-VALIDATE-001),~0.9585 fixed-6k dev,,UPLOAD copy outputs/submissions/UPLOAD_SUB002_CL003; official default + --check-ids + strict PASS on copy,false
SUB-003-CL005-UPLOAD,2026-09-25T15:36:02+00:00,CL-005 top12 v2+own+dup,e14f2e7,8d940a2e7dbd71c0502bf11bb4a1b65216011453e00a948821048582e3c6a435,SUB-002 candidates + 372 dup additions (P5-TWOFILE-VALIDATE-002),~0.9635 fixed-6k dev,,UPLOAD copy outputs/submissions/UPLOAD_SUB003_CL005; official default + --check-ids + strict PASS on copy; recommended upload,false
SUB-004-CL012-UPLOAD,2026-09-25T17:15:50+00:00,CL-005 top12 v2 + France test-fitted retrieval rescue (text-only p>=0.85) + own + dup,HEAD,69796b587fed036db4bfd82d89ffebe57f073873aaea3e2869d2b9f25eb466a9,SUB-002 candidates + France rescue/dup additions (44147),India/US identical to SUB-003,,SUB-003 public 0.944; official default + --check-ids + strict PASS on copy,false
SUB-003-CL005-PUBLIC,2026-09-25T17:42:30+00:00,CL-005 top12 v2+own+dup,e14f2e7,8d940a2e7dbd71c0502bf11bb4a1b65216011453e00a948821048582e3c6a435,c4e75afb1360... (two-file PASS),~0.9635 fixed-6k dev,0.944,User-reported public 0.944 (rank ~491); public-local gap ~-0.019 persists,true
VSAFE-CL012,2026-09-25T18:55:34+00:00,"SUB-003 + France test-fitted rescue (text-only p>=0.90, no-steal, no numeric conflict, strong name-or-address evidence) + own + dup",c56f892,7b28f21fe7d8640f08db76fda9e344bb30d92908fb65dc6e2d2009ae679e8365,SUB-002 candidates + rescue/dup additions,India/US identical to SUB-003,0.947,User-reported public 0.947; France-only change vs SUB-003 (0.944) => +0.003,true
