country,target_source,population,field,variant,pairs,exact,high_jw,jw_improved,jw_worsened
US,S2,positive,name,raw,859,51,425,19,482
US,S2,positive,name,light,859,224,676,0,0
US,S2,positive,name,compatible,859,222,680,11,11
US,S2,positive,name,accent,859,254,685,66,11
US,S2,positive,name,compact,859,211,682,77,51
US,S2,positive,name,sorted,859,272,570,125,341
US,S2,positive,name,deduped,859,283,576,136,332
US,S2,positive,name,number_format,859,224,676,0,0
US,S2,positive,name,aggressive,859,306,594,192,313
US,S2,positive,name,case_only,859,129,632,41,218
US,S2,positive,name,nfc_only,859,51,425,19,482
US,S2,positive,address,raw,859,0,7,0,806
US,S2,positive,address,light,859,124,440,0,0
US,S2,positive,address,compatible,859,124,440,0,0
US,S2,positive,address,accent,859,124,440,0,0
US,S2,positive,address,compact,859,124,448,28,5
US,S2,positive,address,sorted,859,176,524,329,219
US,S2,positive,address,deduped,859,176,526,332,215
US,S2,positive,address,number_format,859,124,440,0,0
US,S2,positive,address,aggressive,859,176,531,344,211
US,S2,positive,address,case_only,859,104,434,73,129
US,S2,positive,address,nfc_only,859,0,7,0,806
India,S2,positive,name,raw,894,27,314,20,362
India,S2,positive,name,light,894,148,475,0,0
India,S2,positive,name,compatible,894,147,474,11,13
India,S2,positive,name,accent,894,165,477,48,13
India,S2,positive,name,compact,894,134,475,38,33
India,S2,positive,name,sorted,894,190,447,171,287
India,S2,positive,name,deduped,894,192,451,175,283
India,S2,positive,name,number_format,894,148,475,0,0
India,S2,positive,name,aggressive,894,200,451,191,282
India,S2,positive,name,case_only,894,69,450,25,167
India,S2,positive,name,nfc_only,894,27,314,20,362
India,S2,positive,address,raw,894,0,0,0,856
India,S2,positive,address,light,894,96,369,0,0
India,S2,positive,address,compatible,894,96,369,3,0
India,S2,positive,address,accent,894,96,369,3,0
India,S2,positive,address,compact,894,97,389,64,76
India,S2,positive,address,sorted,894,129,437,408,263
India,S2,positive,address,deduped,894,169,480,446,225
India,S2,positive,address,number_format,894,96,369,0,0
India,S2,positive,address,aggressive,894,168,473,419,253
India,S2,positive,address,case_only,894,78,367,98,138
India,S2,positive,address,nfc_only,894,0,0,0,856
US,S3,positive,name,raw,963,51,602,36,417
US,S3,positive,name,light,963,229,720,0,0
US,S3,positive,name,compatible,963,227,715,12,9
US,S3,positive,name,accent,963,276,720,83,10
US,S3,positive,name,compact,963,217,726,81,63
US,S3,positive,name,sorted,963,280,597,163,407
US,S3,positive,name,deduped,963,288,601,173,400
US,S3,positive,name,number_format,963,229,720,0,0
US,S3,positive,name,aggressive,963,331,613,242,390
US,S3,positive,name,case_only,963,125,697,46,220
US,S3,positive,name,nfc_only,963,51,602,36,417
US,S3,positive,address,raw,963,37,347,69,506
US,S3,positive,address,light,963,37,390,0,0
US,S3,positive,address,compatible,963,37,390,0,0
US,S3,positive,address,accent,963,37,390,0,0
US,S3,positive,address,compact,963,37,409,37,12
US,S3,positive,address,sorted,963,59,432,367,330
US,S3,positive,address,deduped,963,59,431,368,332
US,S3,positive,address,number_format,963,37,390,0,0
US,S3,positive,address,aggressive,963,59,440,381,338
US,S3,positive,address,case_only,963,37,385,137,96
US,S3,positive,address,nfc_only,963,37,347,69,506
India,S3,positive,name,raw,922,23,429,34,329
India,S3,positive,name,light,922,144,504,0,0
India,S3,positive,name,compatible,922,142,503,7,8
India,S3,positive,name,accent,922,179,504,65,9
India,S3,positive,name,compact,922,121,503,49,47
India,S3,positive,name,sorted,922,178,473,215,354
India,S3,positive,name,deduped,922,185,481,228,346
India,S3,positive,name,number_format,922,144,504,0,0
India,S3,positive,name,aggressive,922,207,480,268,347
India,S3,positive,name,case_only,922,59,477,33,191
India,S3,positive,name,nfc_only,922,23,429,34,329
India,S3,positive,address,raw,922,36,252,70,447
India,S3,positive,address,light,922,36,265,0,0
India,S3,positive,address,compatible,922,36,265,2,0
India,S3,positive,address,accent,922,36,265,2,0
India,S3,positive,address,compact,922,36,280,68,107
India,S3,positive,address,sorted,922,53,350,452,325
India,S3,positive,address,deduped,922,58,357,455,318
India,S3,positive,address,number_format,922,36,265,0,0
India,S3,positive,address,aggressive,922,58,352,429,335
India,S3,positive,address,case_only,922,36,280,131,134
India,S3,positive,address,nfc_only,922,36,252,70,447
US,S2,random,name,raw,1494,0,0,73,1067
US,S2,random,name,light,1494,0,0,0,0
US,S2,random,name,compatible,1494,0,0,68,37
US,S2,random,name,accent,1494,0,0,92,38
US,S2,random,name,compact,1494,0,0,135,143
US,S2,random,name,sorted,1494,0,0,561,494
US,S2,random,name,deduped,1494,0,0,578,493
US,S2,random,name,number_format,1494,0,0,0,0
US,S2,random,name,aggressive,1494,0,0,559,519
US,S2,random,name,case_only,1494,0,0,110,392
US,S2,random,name,nfc_only,1494,0,0,73,1067
US,S2,random,address,raw,1494,0,0,13,1409
US,S2,random,address,light,1494,0,0,0,0
US,S2,random,address,compatible,1494,0,0,2,7
US,S2,random,address,accent,1494,0,0,2,8
US,S2,random,address,compact,1494,0,0,155,111
US,S2,random,address,sorted,1494,0,0,633,416
US,S2,random,address,deduped,1494,0,0,685,391
US,S2,random,address,number_format,1494,0,0,0,0
US,S2,random,address,aggressive,1494,0,0,654,413
US,S2,random,address,case_only,1494,0,0,735,235
US,S2,random,address,nfc_only,1494,0,0,13,1409
US,S3,same_country,name,raw,1539,0,0,101,1153
US,S3,same_country,name,light,1539,0,0,0,0
US,S3,same_country,name,compatible,1539,0,0,58,59
US,S3,same_country,name,accent,1539,0,0,98,66
US,S3,same_country,name,compact,1539,0,0,139,184
US,S3,same_country,name,sorted,1539,0,0,593,586
US,S3,same_country,name,deduped,1539,0,0,604,585
US,S3,same_country,name,number_format,1539,0,0,0,0
US,S3,same_country,name,aggressive,1539,0,0,596,601
US,S3,same_country,name,case_only,1539,0,0,99,436
US,S3,same_country,name,nfc_only,1539,0,0,101,1153
US,S3,same_country,address,raw,1539,0,0,147,1120
US,S3,same_country,address,light,1539,0,0,0,0
US,S3,same_country,address,compatible,1539,0,0,0,0
US,S3,same_country,address,accent,1539,0,0,0,0
US,S3,same_country,address,compact,1539,0,0,40,31
US,S3,same_country,address,sorted,1539,0,0,631,411
US,S3,same_country,address,deduped,1539,0,0,638,417
US,S3,same_country,address,number_format,1539,0,0,0,0
US,S3,same_country,address,aggressive,1539,0,0,645,411
US,S3,same_country,address,case_only,1539,0,0,816,145
US,S3,same_country,address,nfc_only,1539,0,0,147,1120
US,S2,same_country,name,raw,1461,0,0,75,1162
US,S2,same_country,name,light,1461,0,0,0,0
US,S2,same_country,name,compatible,1461,0,0,62,53
US,S2,same_country,name,accent,1461,0,0,87,54
US,S2,same_country,name,compact,1461,0,0,147,169
US,S2,same_country,name,sorted,1461,0,0,565,573
US,S2,same_country,name,deduped,1461,0,0,569,572
US,S2,same_country,name,number_format,1461,0,0,0,0
US,S2,same_country,name,aggressive,1461,0,0,559,594
US,S2,same_country,name,case_only,1461,0,0,103,421
US,S2,same_country,name,nfc_only,1461,0,0,75,1162
US,S2,same_country,address,raw,1461,0,0,10,1399
US,S2,same_country,address,light,1461,0,0,0,0
US,S2,same_country,address,compatible,1461,0,0,0,0
US,S2,same_country,address,accent,1461,0,0,0,0
US,S2,same_country,address,compact,1461,0,0,31,37
US,S2,same_country,address,sorted,1461,0,0,607,440
US,S2,same_country,address,deduped,1461,0,0,610,434
US,S2,same_country,address,number_format,1461,0,0,0,0
US,S2,same_country,address,aggressive,1461,0,0,614,431
US,S2,same_country,address,case_only,1461,0,0,822,177
US,S2,same_country,address,nfc_only,1461,0,0,10,1399
US,S3,random,name,raw,1506,0,0,88,1069
US,S3,random,name,light,1506,0,0,0,0
US,S3,random,name,compatible,1506,0,0,54,62
US,S3,random,name,accent,1506,0,0,82,65
US,S3,random,name,compact,1506,0,0,121,172
US,S3,random,name,sorted,1506,0,0,558,543
US,S3,random,name,deduped,1506,0,0,568,536
US,S3,random,name,number_format,1506,0,0,0,0
US,S3,random,name,aggressive,1506,0,0,565,539
US,S3,random,name,case_only,1506,0,0,101,390
US,S3,random,name,nfc_only,1506,0,0,88,1069
US,S3,random,address,raw,1506,0,0,132,1118
US,S3,random,address,light,1506,0,0,0,0
US,S3,random,address,compatible,1506,0,0,5,4
US,S3,random,address,accent,1506,0,0,5,4
US,S3,random,address,compact,1506,0,0,128,119
US,S3,random,address,sorted,1506,0,0,651,383
US,S3,random,address,deduped,1506,0,0,690,363
US,S3,random,address,number_format,1506,0,0,0,0
US,S3,random,address,aggressive,1506,0,0,666,387
US,S3,random,address,case_only,1506,0,0,699,225
US,S3,random,address,nfc_only,1506,0,0,132,1118
India,S2,random,name,raw,1483,0,0,93,1056
India,S2,random,name,light,1483,0,0,0,0
India,S2,random,name,compatible,1483,0,0,55,35
India,S2,random,name,accent,1483,0,0,84,42
India,S2,random,name,compact,1483,0,0,86,119
India,S2,random,name,sorted,1483,0,0,510,540
India,S2,random,name,deduped,1483,0,1,518,535
India,S2,random,name,number_format,1483,0,0,0,0
India,S2,random,name,aggressive,1483,0,1,497,552
India,S2,random,name,case_only,1483,0,0,100,360
India,S2,random,name,nfc_only,1483,0,0,93,1056
India,S2,random,address,raw,1483,0,0,7,1425
India,S2,random,address,light,1483,0,0,0,0
India,S2,random,address,compatible,1483,0,0,8,9
India,S2,random,address,accent,1483,0,0,8,9
India,S2,random,address,compact,1483,0,0,211,308
India,S2,random,address,sorted,1483,0,0,574,413
India,S2,random,address,deduped,1483,0,0,668,352
India,S2,random,address,number_format,1483,0,0,1,0
India,S2,random,address,aggressive,1483,0,0,592,452
India,S2,random,address,case_only,1483,0,0,336,440
India,S2,random,address,nfc_only,1483,0,0,7,1425
India,S3,same_country,name,raw,1500,0,0,106,953
India,S3,same_country,name,light,1500,0,0,0,0
India,S3,same_country,name,compatible,1500,0,0,50,26
India,S3,same_country,name,accent,1500,0,0,86,30
India,S3,same_country,name,compact,1500,0,0,80,90
India,S3,same_country,name,sorted,1500,0,1,475,563
India,S3,same_country,name,deduped,1500,0,1,480,562
India,S3,same_country,name,number_format,1500,0,0,0,0
India,S3,same_country,name,aggressive,1500,0,0,486,563
India,S3,same_country,name,case_only,1500,0,0,83,307
India,S3,same_country,name,nfc_only,1500,0,0,106,953
India,S3,same_country,address,raw,1500,0,0,60,1274
India,S3,same_country,address,light,1500,0,0,0,0
India,S3,same_country,address,compatible,1500,0,0,15,6
India,S3,same_country,address,accent,1500,0,0,15,6
India,S3,same_country,address,compact,1500,0,0,191,455
India,S3,same_country,address,sorted,1500,0,0,540,383
India,S3,same_country,address,deduped,1500,0,0,627,365
India,S3,same_country,address,number_format,1500,0,0,1,2
India,S3,same_country,address,aggressive,1500,0,0,478,551
India,S3,same_country,address,case_only,1500,0,0,300,537
India,S3,same_country,address,nfc_only,1500,0,0,60,1274
India,S3,random,name,raw,1517,0,1,90,1100
India,S3,random,name,light,1517,0,1,0,0
India,S3,random,name,compatible,1517,0,1,71,53
India,S3,random,name,accent,1517,0,1,113,58
India,S3,random,name,compact,1517,0,1,113,137
India,S3,random,name,sorted,1517,0,0,553,569
India,S3,random,name,deduped,1517,0,0,566,565
India,S3,random,name,number_format,1517,0,1,0,0
India,S3,random,name,aggressive,1517,0,0,551,590
India,S3,random,name,case_only,1517,0,1,101,418
India,S3,random,name,nfc_only,1517,0,1,90,1100
India,S3,random,address,raw,1517,0,0,61,1238
India,S3,random,address,light,1517,0,0,0,0
India,S3,random,address,compatible,1517,0,0,8,9
India,S3,random,address,accent,1517,0,0,8,9
India,S3,random,address,compact,1517,0,0,240,319
India,S3,random,address,sorted,1517,0,0,595,402
India,S3,random,address,deduped,1517,0,0,694,356
India,S3,random,address,number_format,1517,0,0,1,1
India,S3,random,address,aggressive,1517,0,0,614,454
India,S3,random,address,case_only,1517,0,0,348,407
India,S3,random,address,nfc_only,1517,0,0,61,1238
India,S2,same_country,name,raw,1500,0,0,77,908
India,S2,same_country,name,light,1500,0,0,0,0
India,S2,same_country,name,compatible,1500,0,0,70,28
India,S2,same_country,name,accent,1500,0,0,98,32
India,S2,same_country,name,compact,1500,0,0,93,90
India,S2,same_country,name,sorted,1500,0,0,411,519
India,S2,same_country,name,deduped,1500,0,0,413,518
India,S2,same_country,name,number_format,1500,0,0,0,0
India,S2,same_country,name,aggressive,1500,0,0,395,551
India,S2,same_country,name,case_only,1500,0,0,95,298
India,S2,same_country,name,nfc_only,1500,0,0,77,908
India,S2,same_country,address,raw,1500,0,0,4,1454
India,S2,same_country,address,light,1500,0,0,0,0
India,S2,same_country,address,compatible,1500,0,0,12,6
India,S2,same_country,address,accent,1500,0,0,13,6
India,S2,same_country,address,compact,1500,0,0,181,413
India,S2,same_country,address,sorted,1500,0,0,544,343
India,S2,same_country,address,deduped,1500,0,0,650,354
India,S2,same_country,address,number_format,1500,0,0,0,0
India,S2,same_country,address,aggressive,1500,0,0,483,520
India,S2,same_country,address,case_only,1500,0,0,233,569
India,S2,same_country,address,nfc_only,1500,0,0,4,1454
US,S3,exact_name_full_pool,name,raw,693,256,589,0,391
US,S3,exact_name_full_pool,name,light,693,693,693,0,0
US,S3,exact_name_full_pool,name,compatible,693,691,693,0,2
US,S3,exact_name_full_pool,name,accent,693,691,693,0,2
US,S3,exact_name_full_pool,name,compact,693,630,692,0,56
US,S3,exact_name_full_pool,name,sorted,693,692,692,0,1
US,S3,exact_name_full_pool,name,deduped,693,692,692,0,1
US,S3,exact_name_full_pool,name,number_format,693,693,693,0,0
US,S3,exact_name_full_pool,name,aggressive,693,631,675,0,58
US,S3,exact_name_full_pool,name,case_only,693,389,684,0,246
US,S3,exact_name_full_pool,name,nfc_only,693,256,589,0,391
US,S3,exact_name_full_pool,address,raw,693,0,2,29,599
US,S3,exact_name_full_pool,address,light,693,0,2,0,0
US,S3,exact_name_full_pool,address,compatible,693,0,2,0,0
US,S3,exact_name_full_pool,address,accent,693,0,2,0,0
US,S3,exact_name_full_pool,address,compact,693,0,2,16,22
US,S3,exact_name_full_pool,address,sorted,693,0,2,220,275
US,S3,exact_name_full_pool,address,deduped,693,0,2,224,269
US,S3,exact_name_full_pool,address,number_format,693,0,2,0,0
US,S3,exact_name_full_pool,address,aggressive,693,0,2,227,265
US,S3,exact_name_full_pool,address,case_only,693,0,2,247,106
US,S3,exact_name_full_pool,address,nfc_only,693,0,2,29,599
US,S2,exact_name_full_pool,name,raw,624,209,453,0,372
US,S2,exact_name_full_pool,name,light,624,624,624,0,0
US,S2,exact_name_full_pool,name,compatible,624,623,624,0,1
US,S2,exact_name_full_pool,name,accent,624,623,624,0,1
US,S2,exact_name_full_pool,name,compact,624,590,624,0,27
US,S2,exact_name_full_pool,name,sorted,624,624,624,0,0
US,S2,exact_name_full_pool,name,deduped,624,624,624,0,0
US,S2,exact_name_full_pool,name,number_format,624,624,624,0,0
US,S2,exact_name_full_pool,name,aggressive,624,591,613,0,31
US,S2,exact_name_full_pool,name,case_only,624,337,610,0,219
US,S2,exact_name_full_pool,name,nfc_only,624,209,453,0,372
US,S2,exact_name_full_pool,address,raw,624,0,0,2,611
US,S2,exact_name_full_pool,address,light,624,0,0,0,0
US,S2,exact_name_full_pool,address,compatible,624,0,0,0,0
US,S2,exact_name_full_pool,address,accent,624,0,0,0,0
US,S2,exact_name_full_pool,address,compact,624,0,0,9,26
US,S2,exact_name_full_pool,address,sorted,624,0,0,205,255
US,S2,exact_name_full_pool,address,deduped,624,0,0,206,255
US,S2,exact_name_full_pool,address,number_format,624,0,0,0,0
US,S2,exact_name_full_pool,address,aggressive,624,0,0,208,257
US,S2,exact_name_full_pool,address,case_only,624,0,0,261,94
US,S2,exact_name_full_pool,address,nfc_only,624,0,0,2,611
India,S2,exact_name_full_pool,name,raw,698,193,477,0,440
India,S2,exact_name_full_pool,name,light,698,698,698,0,0
India,S2,exact_name_full_pool,name,compatible,698,689,697,0,9
India,S2,exact_name_full_pool,name,accent,698,689,697,0,9
India,S2,exact_name_full_pool,name,compact,698,611,697,0,64
India,S2,exact_name_full_pool,name,sorted,698,691,691,0,7
India,S2,exact_name_full_pool,name,deduped,698,691,691,0,7
India,S2,exact_name_full_pool,name,number_format,698,698,698,0,0
India,S2,exact_name_full_pool,name,aggressive,698,613,662,0,79
India,S2,exact_name_full_pool,name,case_only,698,349,690,0,270
India,S2,exact_name_full_pool,name,nfc_only,698,193,477,0,440
India,S2,exact_name_full_pool,address,raw,698,0,0,0,689
India,S2,exact_name_full_pool,address,light,698,0,0,0,0
India,S2,exact_name_full_pool,address,compatible,698,0,0,3,5
India,S2,exact_name_full_pool,address,accent,698,0,0,3,5
India,S2,exact_name_full_pool,address,compact,698,0,0,76,206
India,S2,exact_name_full_pool,address,sorted,698,0,0,228,185
India,S2,exact_name_full_pool,address,deduped,698,0,0,282,186
India,S2,exact_name_full_pool,address,number_format,698,0,0,1,0
India,S2,exact_name_full_pool,address,aggressive,698,0,0,196,269
India,S2,exact_name_full_pool,address,case_only,698,0,0,69,278
India,S2,exact_name_full_pool,address,nfc_only,698,0,0,0,689
India,S3,exact_name_full_pool,name,raw,1006,276,816,0,630
India,S3,exact_name_full_pool,name,light,1006,1006,1006,0,0
India,S3,exact_name_full_pool,name,compatible,1006,999,1005,0,7
India,S3,exact_name_full_pool,name,accent,1006,999,1005,0,7
India,S3,exact_name_full_pool,name,compact,1006,878,1005,0,89
India,S3,exact_name_full_pool,name,sorted,1006,1000,1000,0,6
India,S3,exact_name_full_pool,name,deduped,1006,1000,1000,0,6
India,S3,exact_name_full_pool,name,number_format,1006,1006,1006,0,0
India,S3,exact_name_full_pool,name,aggressive,1006,879,969,0,123
India,S3,exact_name_full_pool,name,case_only,1006,471,992,0,434
India,S3,exact_name_full_pool,name,nfc_only,1006,276,816,0,630
India,S3,exact_name_full_pool,address,raw,1006,0,0,18,917
India,S3,exact_name_full_pool,address,light,1006,0,0,0,0
India,S3,exact_name_full_pool,address,compatible,1006,0,0,7,2
India,S3,exact_name_full_pool,address,accent,1006,0,0,7,2
India,S3,exact_name_full_pool,address,compact,1006,0,0,112,322
India,S3,exact_name_full_pool,address,sorted,1006,0,0,340,288
India,S3,exact_name_full_pool,address,deduped,1006,0,0,383,299
India,S3,exact_name_full_pool,address,number_format,1006,0,0,0,1
India,S3,exact_name_full_pool,address,aggressive,1006,0,0,267,424
India,S3,exact_name_full_pool,address,case_only,1006,0,0,138,405
India,S3,exact_name_full_pool,address,nfc_only,1006,0,0,18,917
US,S2,first_token_sample_pool,name,raw,1145,35,239,33,755
US,S2,first_token_sample_pool,name,light,1145,71,427,0,0
US,S2,first_token_sample_pool,name,compatible,1145,71,426,18,41
US,S2,first_token_sample_pool,name,accent,1145,75,428,48,40
US,S2,first_token_sample_pool,name,compact,1145,68,426,41,95
US,S2,first_token_sample_pool,name,sorted,1145,71,250,69,851
US,S2,first_token_sample_pool,name,deduped,1145,73,252,73,849
US,S2,first_token_sample_pool,name,number_format,1145,71,427,0,0
US,S2,first_token_sample_pool,name,aggressive,1145,74,263,92,840
US,S2,first_token_sample_pool,name,case_only,1145,46,375,24,307
US,S2,first_token_sample_pool,name,nfc_only,1145,35,239,33,755
US,S2,first_token_sample_pool,address,raw,1145,0,0,6,1082
US,S2,first_token_sample_pool,address,light,1145,0,4,0,0
US,S2,first_token_sample_pool,address,compatible,1145,0,4,0,0
US,S2,first_token_sample_pool,address,accent,1145,0,4,0,0
US,S2,first_token_sample_pool,address,compact,1145,0,4,33,39
US,S2,first_token_sample_pool,address,sorted,1145,0,5,488,327
US,S2,first_token_sample_pool,address,deduped,1145,0,5,495,328
US,S2,first_token_sample_pool,address,number_format,1145,0,4,0,0
US,S2,first_token_sample_pool,address,aggressive,1145,0,5,504,336
US,S2,first_token_sample_pool,address,case_only,1145,0,4,655,133
US,S2,first_token_sample_pool,address,nfc_only,1145,0,0,6,1082
US,S3,first_token_sample_pool,name,raw,1047,18,243,40,646
US,S3,first_token_sample_pool,name,light,1047,47,340,0,0
US,S3,first_token_sample_pool,name,compatible,1047,47,342,26,43
US,S3,first_token_sample_pool,name,accent,1047,49,344,42,46
US,S3,first_token_sample_pool,name,compact,1047,47,334,73,107
US,S3,first_token_sample_pool,name,sorted,1047,47,189,63,786
US,S3,first_token_sample_pool,name,deduped,1047,49,192,69,781
US,S3,first_token_sample_pool,name,number_format,1047,47,340,0,0
US,S3,first_token_sample_pool,name,aggressive,1047,51,195,78,783
US,S3,first_token_sample_pool,name,case_only,1047,23,305,22,314
US,S3,first_token_sample_pool,name,nfc_only,1047,18,243,40,646
US,S3,first_token_sample_pool,address,raw,1047,0,1,90,778
US,S3,first_token_sample_pool,address,light,1047,0,0,0,0
US,S3,first_token_sample_pool,address,compatible,1047,0,0,0,0
US,S3,first_token_sample_pool,address,accent,1047,0,0,0,0
US,S3,first_token_sample_pool,address,compact,1047,0,1,24,25
US,S3,first_token_sample_pool,address,sorted,1047,0,0,421,323
US,S3,first_token_sample_pool,address,deduped,1047,0,0,428,322
US,S3,first_token_sample_pool,address,number_format,1047,0,0,0,0
US,S3,first_token_sample_pool,address,aggressive,1047,0,0,431,317
US,S3,first_token_sample_pool,address,case_only,1047,0,1,536,124
US,S3,first_token_sample_pool,address,nfc_only,1047,0,1,90,778
US,S3,numeric_sample_pool,name,raw,1437,0,1,114,1115
US,S3,numeric_sample_pool,name,light,1437,0,1,0,0
US,S3,numeric_sample_pool,name,compatible,1437,0,1,53,48
US,S3,numeric_sample_pool,name,accent,1437,0,1,76,51
US,S3,numeric_sample_pool,name,compact,1437,0,1,147,156
US,S3,numeric_sample_pool,name,sorted,1437,0,1,410,756
US,S3,numeric_sample_pool,name,deduped,1437,0,1,419,758
US,S3,numeric_sample_pool,name,number_format,1437,0,1,0,0
US,S3,numeric_sample_pool,name,aggressive,1437,0,1,429,762
US,S3,numeric_sample_pool,name,case_only,1437,0,1,107,444
US,S3,numeric_sample_pool,name,nfc_only,1437,0,1,114,1115
US,S3,numeric_sample_pool,address,raw,1437,0,1,126,1119
US,S3,numeric_sample_pool,address,light,1437,0,2,0,0
US,S3,numeric_sample_pool,address,compatible,1437,0,2,0,0
US,S3,numeric_sample_pool,address,accent,1437,0,2,0,0
US,S3,numeric_sample_pool,address,compact,1437,0,2,60,65
US,S3,numeric_sample_pool,address,sorted,1437,0,1,724,372
US,S3,numeric_sample_pool,address,deduped,1437,0,1,732,369
US,S3,numeric_sample_pool,address,number_format,1437,0,2,0,0
US,S3,numeric_sample_pool,address,aggressive,1437,0,1,737,371
US,S3,numeric_sample_pool,address,case_only,1437,0,2,599,221
US,S3,numeric_sample_pool,address,nfc_only,1437,0,1,126,1119
US,S2,numeric_sample_pool,name,raw,1174,0,4,69,968
US,S2,numeric_sample_pool,name,light,1174,0,9,0,0
US,S2,numeric_sample_pool,name,compatible,1174,0,9,46,55
US,S2,numeric_sample_pool,name,accent,1174,0,9,67,59
US,S2,numeric_sample_pool,name,compact,1174,0,9,116,150
US,S2,numeric_sample_pool,name,sorted,1174,0,4,350,608
US,S2,numeric_sample_pool,name,deduped,1174,0,4,357,603
US,S2,numeric_sample_pool,name,number_format,1174,0,9,0,0
US,S2,numeric_sample_pool,name,aggressive,1174,0,4,364,602
US,S2,numeric_sample_pool,name,case_only,1174,0,7,85,365
US,S2,numeric_sample_pool,name,nfc_only,1174,0,4,69,968
US,S2,numeric_sample_pool,address,raw,1174,0,0,6,1157
US,S2,numeric_sample_pool,address,light,1174,1,3,0,0
US,S2,numeric_sample_pool,address,compatible,1174,1,3,0,0
US,S2,numeric_sample_pool,address,accent,1174,1,3,0,0
US,S2,numeric_sample_pool,address,compact,1174,1,4,52,55
US,S2,numeric_sample_pool,address,sorted,1174,1,4,545,374
US,S2,numeric_sample_pool,address,deduped,1174,1,4,549,377
US,S2,numeric_sample_pool,address,number_format,1174,1,3,0,0
US,S2,numeric_sample_pool,address,aggressive,1174,1,5,556,372
US,S2,numeric_sample_pool,address,case_only,1174,1,4,510,183
US,S2,numeric_sample_pool,address,nfc_only,1174,0,0,6,1157
India,S3,first_token_sample_pool,name,raw,1177,4,192,57,643
India,S3,first_token_sample_pool,name,light,1177,22,301,0,0
India,S3,first_token_sample_pool,name,compatible,1177,22,298,7,28
India,S3,first_token_sample_pool,name,accent,1177,26,307,41,30
India,S3,first_token_sample_pool,name,compact,1177,20,288,15,67
India,S3,first_token_sample_pool,name,sorted,1177,22,183,126,867
India,S3,first_token_sample_pool,name,deduped,1177,22,185,129,867
India,S3,first_token_sample_pool,name,number_format,1177,22,301,0,0
India,S3,first_token_sample_pool,name,aggressive,1177,24,179,133,872
India,S3,first_token_sample_pool,name,case_only,1177,9,247,17,306
India,S3,first_token_sample_pool,name,nfc_only,1177,4,192,57,643
India,S3,first_token_sample_pool,address,raw,1177,0,0,47,993
India,S3,first_token_sample_pool,address,light,1177,0,1,0,0
India,S3,first_token_sample_pool,address,compatible,1177,0,1,21,11
India,S3,first_token_sample_pool,address,accent,1177,0,1,21,11
India,S3,first_token_sample_pool,address,compact,1177,0,1,146,365
India,S3,first_token_sample_pool,address,sorted,1177,0,0,450,280
India,S3,first_token_sample_pool,address,deduped,1177,0,1,532,295
India,S3,first_token_sample_pool,address,number_format,1177,0,1,0,2
India,S3,first_token_sample_pool,address,aggressive,1177,0,1,376,441
India,S3,first_token_sample_pool,address,case_only,1177,0,1,220,403
India,S3,first_token_sample_pool,address,nfc_only,1177,0,0,47,993
India,S2,numeric_sample_pool,name,raw,1299,0,2,106,970
India,S2,numeric_sample_pool,name,light,1299,0,13,0,0
India,S2,numeric_sample_pool,name,compatible,1299,0,11,36,67
India,S2,numeric_sample_pool,name,accent,1299,0,11,57,71
India,S2,numeric_sample_pool,name,compact,1299,0,11,63,127
India,S2,numeric_sample_pool,name,sorted,1299,1,42,383,750
India,S2,numeric_sample_pool,name,deduped,1299,1,42,385,751
India,S2,numeric_sample_pool,name,number_format,1299,0,13,0,0
India,S2,numeric_sample_pool,name,aggressive,1299,1,41,383,761
India,S2,numeric_sample_pool,name,case_only,1299,0,6,72,403
India,S2,numeric_sample_pool,name,nfc_only,1299,0,2,106,970
India,S2,numeric_sample_pool,address,raw,1299,0,0,0,1299
India,S2,numeric_sample_pool,address,light,1299,0,0,0,0
India,S2,numeric_sample_pool,address,compatible,1299,0,0,18,18
India,S2,numeric_sample_pool,address,accent,1299,0,0,18,18
India,S2,numeric_sample_pool,address,compact,1299,0,0,164,426
India,S2,numeric_sample_pool,address,sorted,1299,0,0,569,250
India,S2,numeric_sample_pool,address,deduped,1299,0,0,671,238
India,S2,numeric_sample_pool,address,number_format,1299,0,0,2,1
India,S2,numeric_sample_pool,address,aggressive,1299,0,0,429,466
India,S2,numeric_sample_pool,address,case_only,1299,0,0,178,561
India,S2,numeric_sample_pool,address,nfc_only,1299,0,0,0,1299
India,S3,numeric_sample_pool,name,raw,1400,0,15,145,961
India,S3,numeric_sample_pool,name,light,1400,0,14,0,0
India,S3,numeric_sample_pool,name,compatible,1400,0,14,27,38
India,S3,numeric_sample_pool,name,accent,1400,0,15,57,46
India,S3,numeric_sample_pool,name,compact,1400,0,14,40,90
India,S3,numeric_sample_pool,name,sorted,1400,0,52,419,772
India,S3,numeric_sample_pool,name,deduped,1400,0,53,423,772
India,S3,numeric_sample_pool,name,number_format,1400,0,14,0,0
India,S3,numeric_sample_pool,name,aggressive,1400,0,49,429,779
India,S3,numeric_sample_pool,name,case_only,1400,0,11,48,419
India,S3,numeric_sample_pool,name,nfc_only,1400,0,15,145,961
India,S3,numeric_sample_pool,address,raw,1400,0,0,42,1242
India,S3,numeric_sample_pool,address,light,1400,0,0,0,0
India,S3,numeric_sample_pool,address,compatible,1400,0,0,20,18
India,S3,numeric_sample_pool,address,accent,1400,0,0,20,18
India,S3,numeric_sample_pool,address,compact,1400,0,0,177,451
India,S3,numeric_sample_pool,address,sorted,1400,0,1,621,288
India,S3,numeric_sample_pool,address,deduped,1400,0,1,705,289
India,S3,numeric_sample_pool,address,number_format,1400,0,0,0,1
India,S3,numeric_sample_pool,address,aggressive,1400,0,1,482,514
India,S3,numeric_sample_pool,address,case_only,1400,0,0,231,577
India,S3,numeric_sample_pool,address,nfc_only,1400,0,0,42,1242
India,S2,first_token_sample_pool,name,raw,847,3,99,49,546
India,S2,first_token_sample_pool,name,light,847,12,214,0,0
India,S2,first_token_sample_pool,name,compatible,847,10,208,13,27
India,S2,first_token_sample_pool,name,accent,847,12,211,29,29
India,S2,first_token_sample_pool,name,compact,847,9,204,20,57
India,S2,first_token_sample_pool,name,sorted,847,11,120,96,625
India,S2,first_token_sample_pool,name,deduped,847,11,120,98,624
India,S2,first_token_sample_pool,name,number_format,847,12,214,0,0
India,S2,first_token_sample_pool,name,aggressive,847,12,121,100,632
India,S2,first_token_sample_pool,name,case_only,847,5,173,27,187
India,S2,first_token_sample_pool,name,nfc_only,847,3,99,49,546
India,S2,first_token_sample_pool,address,raw,847,0,0,0,812
India,S2,first_token_sample_pool,address,light,847,0,1,0,0
India,S2,first_token_sample_pool,address,compatible,847,0,1,7,3
India,S2,first_token_sample_pool,address,accent,847,0,1,7,3
India,S2,first_token_sample_pool,address,compact,847,0,1,108,251
India,S2,first_token_sample_pool,address,sorted,847,0,1,290,216
India,S2,first_token_sample_pool,address,deduped,847,0,2,349,207
India,S2,first_token_sample_pool,address,number_format,847,0,1,0,0
India,S2,first_token_sample_pool,address,aggressive,847,0,2,247,304
India,S2,first_token_sample_pool,address,case_only,847,0,1,121,319
India,S2,first_token_sample_pool,address,nfc_only,847,0,0,0,812
India,S2,tfidf_name_sample_pool,name,raw,2187,3,123,227,1443
India,S2,tfidf_name_sample_pool,name,light,2187,12,211,0,0
India,S2,tfidf_name_sample_pool,name,compatible,2187,10,206,58,77
India,S2,tfidf_name_sample_pool,name,accent,2187,11,206,70,80
India,S2,tfidf_name_sample_pool,name,compact,2187,9,201,96,162
India,S2,tfidf_name_sample_pool,name,sorted,2187,15,417,1008,881
India,S2,tfidf_name_sample_pool,name,deduped,2187,15,428,1028,873
India,S2,tfidf_name_sample_pool,name,number_format,2187,12,211,0,0
India,S2,tfidf_name_sample_pool,name,aggressive,2187,15,419,1006,899
India,S2,tfidf_name_sample_pool,name,case_only,2187,5,162,130,735
India,S2,tfidf_name_sample_pool,name,nfc_only,2187,3,123,227,1443
India,S2,tfidf_name_sample_pool,address,raw,2187,0,0,2,2103
India,S2,tfidf_name_sample_pool,address,light,2187,0,1,0,0
India,S2,tfidf_name_sample_pool,address,compatible,2187,0,1,20,14
India,S2,tfidf_name_sample_pool,address,accent,2187,0,1,20,14
India,S2,tfidf_name_sample_pool,address,compact,2187,0,1,256,621
India,S2,tfidf_name_sample_pool,address,sorted,2187,0,1,749,538
India,S2,tfidf_name_sample_pool,address,deduped,2187,0,2,910,520
India,S2,tfidf_name_sample_pool,address,number_format,2187,0,1,1,0
India,S2,tfidf_name_sample_pool,address,aggressive,2187,0,2,642,798
India,S2,tfidf_name_sample_pool,address,case_only,2187,0,1,300,782
India,S2,tfidf_name_sample_pool,address,nfc_only,2187,0,0,2,2103
India,S3,tfidf_name_sample_pool,name,raw,2797,4,214,359,1520
India,S3,tfidf_name_sample_pool,name,light,2797,22,303,0,0
India,S3,tfidf_name_sample_pool,name,compatible,2797,22,298,49,62
India,S3,tfidf_name_sample_pool,name,accent,2797,26,298,70,62
India,S3,tfidf_name_sample_pool,name,compact,2797,20,290,84,166
India,S3,tfidf_name_sample_pool,name,sorted,2797,26,583,1256,1166
India,S3,tfidf_name_sample_pool,name,deduped,2797,27,599,1282,1146
India,S3,tfidf_name_sample_pool,name,number_format,2797,22,303,0,0
India,S3,tfidf_name_sample_pool,name,aggressive,2797,28,570,1253,1189
India,S3,tfidf_name_sample_pool,name,case_only,2797,9,245,119,806
India,S3,tfidf_name_sample_pool,name,nfc_only,2797,4,214,359,1520
India,S3,tfidf_name_sample_pool,address,raw,2797,0,0,91,2377
India,S3,tfidf_name_sample_pool,address,light,2797,0,1,0,0
India,S3,tfidf_name_sample_pool,address,compatible,2797,0,1,29,21
India,S3,tfidf_name_sample_pool,address,accent,2797,0,1,30,21
India,S3,tfidf_name_sample_pool,address,compact,2797,0,1,321,855
India,S3,tfidf_name_sample_pool,address,sorted,2797,0,1,1059,743
India,S3,tfidf_name_sample_pool,address,deduped,2797,0,2,1204,698
India,S3,tfidf_name_sample_pool,address,number_format,2797,0,1,0,7
India,S3,tfidf_name_sample_pool,address,aggressive,2797,0,2,893,1044
India,S3,tfidf_name_sample_pool,address,case_only,2797,0,1,519,1007
India,S3,tfidf_name_sample_pool,address,nfc_only,2797,0,0,91,2377
US,S3,tfidf_name_sample_pool,name,raw,2529,23,308,219,1439
US,S3,tfidf_name_sample_pool,name,light,2529,57,412,0,0
US,S3,tfidf_name_sample_pool,name,compatible,2529,57,414,60,81
US,S3,tfidf_name_sample_pool,name,accent,2529,59,415,80,83
US,S3,tfidf_name_sample_pool,name,compact,2529,57,405,178,250
US,S3,tfidf_name_sample_pool,name,sorted,2529,57,359,931,1108
US,S3,tfidf_name_sample_pool,name,deduped,2529,59,363,941,1100
US,S3,tfidf_name_sample_pool,name,number_format,2529,57,412,0,0
US,S3,tfidf_name_sample_pool,name,aggressive,2529,61,356,941,1123
US,S3,tfidf_name_sample_pool,name,case_only,2529,31,369,123,786
US,S3,tfidf_name_sample_pool,name,nfc_only,2529,23,308,219,1439
US,S3,tfidf_name_sample_pool,address,raw,2529,0,1,241,1826
US,S3,tfidf_name_sample_pool,address,light,2529,0,0,0,0
US,S3,tfidf_name_sample_pool,address,compatible,2529,0,0,0,0
US,S3,tfidf_name_sample_pool,address,accent,2529,0,0,0,0
US,S3,tfidf_name_sample_pool,address,compact,2529,0,1,53,61
US,S3,tfidf_name_sample_pool,address,sorted,2529,0,0,1051,702
US,S3,tfidf_name_sample_pool,address,deduped,2529,0,0,1066,702
US,S3,tfidf_name_sample_pool,address,number_format,2529,0,0,0,0
US,S3,tfidf_name_sample_pool,address,aggressive,2529,0,0,1079,704
US,S3,tfidf_name_sample_pool,address,case_only,2529,0,1,1318,270
US,S3,tfidf_name_sample_pool,address,nfc_only,2529,0,1,241,1826
US,S2,tfidf_name_sample_pool,name,raw,2462,34,261,165,1636
US,S2,tfidf_name_sample_pool,name,light,2462,71,431,0,0
US,S2,tfidf_name_sample_pool,name,compatible,2462,71,435,57,66
US,S2,tfidf_name_sample_pool,name,accent,2462,72,435,71,70
US,S2,tfidf_name_sample_pool,name,compact,2462,68,427,173,235
US,S2,tfidf_name_sample_pool,name,sorted,2462,74,366,930,1079
US,S2,tfidf_name_sample_pool,name,deduped,2462,78,378,967,1067
US,S2,tfidf_name_sample_pool,name,number_format,2462,71,431,0,0
US,S2,tfidf_name_sample_pool,name,aggressive,2462,77,379,946,1087
US,S2,tfidf_name_sample_pool,name,case_only,2462,47,366,129,761
US,S2,tfidf_name_sample_pool,name,nfc_only,2462,34,261,165,1636
US,S2,tfidf_name_sample_pool,address,raw,2462,0,0,25,2340
US,S2,tfidf_name_sample_pool,address,light,2462,0,5,0,0
US,S2,tfidf_name_sample_pool,address,compatible,2462,0,5,0,0
US,S2,tfidf_name_sample_pool,address,accent,2462,0,5,0,0
US,S2,tfidf_name_sample_pool,address,compact,2462,0,5,59,82
US,S2,tfidf_name_sample_pool,address,sorted,2462,0,5,1029,708
US,S2,tfidf_name_sample_pool,address,deduped,2462,0,5,1042,707
US,S2,tfidf_name_sample_pool,address,number_format,2462,0,5,1,0
US,S2,tfidf_name_sample_pool,address,aggressive,2462,0,5,1050,714
US,S2,tfidf_name_sample_pool,address,case_only,2462,0,5,1409,276
US,S2,tfidf_name_sample_pool,address,nfc_only,2462,0,0,25,2340
India,S3,tfidf_address_sample_pool,name,raw,1555,0,0,114,979
India,S3,tfidf_address_sample_pool,name,light,1555,0,1,0,0
India,S3,tfidf_address_sample_pool,name,compatible,1555,0,1,52,44
India,S3,tfidf_address_sample_pool,name,accent,1555,0,1,90,48
India,S3,tfidf_address_sample_pool,name,compact,1555,0,1,86,97
India,S3,tfidf_address_sample_pool,name,sorted,1555,0,2,462,613
India,S3,tfidf_address_sample_pool,name,deduped,1555,0,2,466,611
India,S3,tfidf_address_sample_pool,name,number_format,1555,0,1,0,0
India,S3,tfidf_address_sample_pool,name,aggressive,1555,0,2,480,604
India,S3,tfidf_address_sample_pool,name,case_only,1555,0,1,95,330
India,S3,tfidf_address_sample_pool,name,nfc_only,1555,0,0,114,979
India,S3,tfidf_address_sample_pool,address,raw,1555,0,6,98,1169
India,S3,tfidf_address_sample_pool,address,light,1555,0,7,0,0
India,S3,tfidf_address_sample_pool,address,compatible,1555,0,7,11,15
India,S3,tfidf_address_sample_pool,address,accent,1555,0,7,11,15
India,S3,tfidf_address_sample_pool,address,compact,1555,0,7,217,371
India,S3,tfidf_address_sample_pool,address,sorted,1555,0,7,728,407
India,S3,tfidf_address_sample_pool,address,deduped,1555,0,9,732,521
India,S3,tfidf_address_sample_pool,address,number_format,1555,0,7,0,1
India,S3,tfidf_address_sample_pool,address,aggressive,1555,0,15,645,591
India,S3,tfidf_address_sample_pool,address,case_only,1555,0,7,248,554
India,S3,tfidf_address_sample_pool,address,nfc_only,1555,0,6,98,1169
India,S2,tfidf_address_sample_pool,name,raw,3426,0,3,161,1446
India,S2,tfidf_address_sample_pool,name,light,3426,0,4,0,0
India,S2,tfidf_address_sample_pool,name,compatible,3426,0,4,113,48
India,S2,tfidf_address_sample_pool,name,accent,3426,0,4,154,49
India,S2,tfidf_address_sample_pool,name,compact,3426,0,4,140,187
India,S2,tfidf_address_sample_pool,name,sorted,3426,0,5,698,816
India,S2,tfidf_address_sample_pool,name,deduped,3426,0,5,707,810
India,S2,tfidf_address_sample_pool,name,number_format,3426,0,4,0,0
India,S2,tfidf_address_sample_pool,name,aggressive,3426,0,4,684,886
India,S2,tfidf_address_sample_pool,name,case_only,3426,0,4,173,518
India,S2,tfidf_address_sample_pool,name,nfc_only,3426,0,3,161,1446
India,S2,tfidf_address_sample_pool,address,raw,3426,0,0,6,3404
India,S2,tfidf_address_sample_pool,address,light,3426,0,6,0,0
India,S2,tfidf_address_sample_pool,address,compatible,3426,0,6,19,23
India,S2,tfidf_address_sample_pool,address,accent,3426,0,6,19,23
India,S2,tfidf_address_sample_pool,address,compact,3426,0,6,424,702
India,S2,tfidf_address_sample_pool,address,sorted,3426,0,8,1732,743
India,S2,tfidf_address_sample_pool,address,deduped,3426,0,14,1676,997
India,S2,tfidf_address_sample_pool,address,number_format,3426,0,6,1,3
India,S2,tfidf_address_sample_pool,address,aggressive,3426,0,16,1478,1222
India,S2,tfidf_address_sample_pool,address,case_only,3426,0,2,510,1362
India,S2,tfidf_address_sample_pool,address,nfc_only,3426,0,0,6,3404
US,S2,tfidf_address_sample_pool,name,raw,3152,0,6,156,2491
US,S2,tfidf_address_sample_pool,name,light,3152,0,9,0,0
US,S2,tfidf_address_sample_pool,name,compatible,3152,0,9,144,97
US,S2,tfidf_address_sample_pool,name,accent,3152,0,9,204,98
US,S2,tfidf_address_sample_pool,name,compact,3152,0,9,305,328
US,S2,tfidf_address_sample_pool,name,sorted,3152,0,7,1184,1241
US,S2,tfidf_address_sample_pool,name,deduped,3152,0,7,1199,1225
US,S2,tfidf_address_sample_pool,name,number_format,3152,0,9,0,0
US,S2,tfidf_address_sample_pool,name,aggressive,3152,0,7,1201,1232
US,S2,tfidf_address_sample_pool,name,case_only,3152,0,8,220,897
US,S2,tfidf_address_sample_pool,name,nfc_only,3152,0,6,156,2491
US,S2,tfidf_address_sample_pool,address,raw,3152,0,0,6,3138
US,S2,tfidf_address_sample_pool,address,light,3152,1,35,0,0
US,S2,tfidf_address_sample_pool,address,compatible,3152,1,35,0,0
US,S2,tfidf_address_sample_pool,address,accent,3152,1,35,0,0
US,S2,tfidf_address_sample_pool,address,compact,3152,1,38,63,45
US,S2,tfidf_address_sample_pool,address,sorted,3152,1,41,1409,1229
US,S2,tfidf_address_sample_pool,address,deduped,3152,1,40,1426,1227
US,S2,tfidf_address_sample_pool,address,number_format,3152,1,35,0,0
US,S2,tfidf_address_sample_pool,address,aggressive,3152,1,43,1434,1207
US,S2,tfidf_address_sample_pool,address,case_only,3152,1,40,1210,341
US,S2,tfidf_address_sample_pool,address,nfc_only,3152,0,0,6,3138
US,S3,tfidf_address_sample_pool,name,raw,1837,0,3,133,1344
US,S3,tfidf_address_sample_pool,name,light,1837,0,3,0,0
US,S3,tfidf_address_sample_pool,name,compatible,1837,0,3,69,59
US,S3,tfidf_address_sample_pool,name,accent,1837,0,4,118,62
US,S3,tfidf_address_sample_pool,name,compact,1837,0,3,177,220
US,S3,tfidf_address_sample_pool,name,sorted,1837,0,2,717,708
US,S3,tfidf_address_sample_pool,name,deduped,1837,0,2,732,703
US,S3,tfidf_address_sample_pool,name,number_format,1837,0,3,0,0
US,S3,tfidf_address_sample_pool,name,aggressive,1837,0,2,720,730
US,S3,tfidf_address_sample_pool,name,case_only,1837,0,4,129,526
US,S3,tfidf_address_sample_pool,name,nfc_only,1837,0,3,133,1344
US,S3,tfidf_address_sample_pool,address,raw,1837,0,8,291,1094
US,S3,tfidf_address_sample_pool,address,light,1837,0,12,0,0
US,S3,tfidf_address_sample_pool,address,compatible,1837,0,12,0,0
US,S3,tfidf_address_sample_pool,address,accent,1837,0,12,0,0
US,S3,tfidf_address_sample_pool,address,compact,1837,0,13,21,24
US,S3,tfidf_address_sample_pool,address,sorted,1837,0,11,908,597
US,S3,tfidf_address_sample_pool,address,deduped,1837,0,11,906,616
US,S3,tfidf_address_sample_pool,address,number_format,1837,0,12,0,0
US,S3,tfidf_address_sample_pool,address,aggressive,1837,0,12,915,610
US,S3,tfidf_address_sample_pool,address,case_only,1837,0,13,756,143
US,S3,tfidf_address_sample_pool,address,nfc_only,1837,0,8,291,1094
